<?xml version="1.0" encoding="UTF-8"?>
<!--
    The contents of this file are subject to the terms of the Common Development
    and Distribution License (the License). You may not use this file except in
    compliance with the License.
    
    You can obtain a copy of the License at http://www.netbeans.org/cddl.html
    or http://www.netbeans.org/cddl.txt.
    
    When distributing Covered Code, include this CDDL Header Notice in each file
    and include the License file at http://www.netbeans.org/cddl.txt.
    If applicable, add the following below the CDDL Header, with the fields
    enclosed by brackets [] replaced by your own identifying information:
    "Portions Copyrighted [year] [name of copyright owner]"
    
    The Original Software is NetBeans. The Initial Developer of the Original
    Software is Sun Microsystems, Inc. Portions Copyright 1997-2006 Sun
    Microsystems, Inc. All Rights Reserved.
    -->
<?xml-stylesheet type="text/xml" href="../../nbbuild/javadoctools/apichanges.xsl"?>
<!DOCTYPE apichanges PUBLIC "-//NetBeans//DTD API changes list 1.0//EN" "../../nbbuild/javadoctools/apichanges.dtd">

<apichanges>

    <apidefs>
        <apidef name="general">Visual Library API</apidef>
    </apidefs>

    <changes>

        <change>
            <api name="general"/>
            <summary>The library API becomes stable</summary>
            <version major="2" minor="0"/>
            <date day="8" month="3" year="2007"/>
            <author login="dkaspar"/>
            <compatibility addition="yes"/>
            <description>
                The library API becomes stable.
            </description>
            <package name="org.netbeans.api.visual" link="no"/>
            <issue number="95110"/>
        </change>

        <change>
            <api name="general"/>
            <summary>Cut-distance can be specified for Triangle anchor shape</summary>
            <version major="2" minor="0"/>
            <date day="9" month="3" year="2007"/>
            <author login="dkaspar"/>
            <compatibility addition="yes"/>
            <description>
                AnchorShapeFactory.createTriangleAnchorShape factory method now takes cut-distance parameter.
            </description>
            <class package="org.netbeans.api.visual.anchor" name="AnchorShapeFactory" link="yes"/>
            <issue number="91613"/>
        </change>

        <change>
            <api name="general"/>
            <summary>Renaming non-standard names - FillLayout and SerialLayout</summary>
            <version major="2" minor="0"/>
            <date day="9" month="3" year="2007"/>
            <author login="dkaspar"/>
            <compatibility addition="yes"/>
            <description>
                FillLayout class has been renamed to OverlayLayout. SerialLayout class has been renamed to FlowLayout.
		At the same time their factory methods has bee renamed too.
		LayoutFactory.createFillLayout method renamed to LayoutFactory.createOverlayLayout.
		LayoutFactory.createHorizontalLayout method renamed to LayoutFactory.createHorizontalFlowLayout.
		LayoutFactory.createVerticalLayout method renamed to LayoutFactory.createVerticalFlowLayout.
		The original methods are deprecated now and are going to be removed for 6.0 Milestone 9. The new methods has been added.
                Also BorderLayout.createFancyDashedBorder method is going to be removed for 6.0 Milestone 9.
                Use BorderLayout.createDashedBorder(...,true) method instead.
		Note that the LayouFactory.SerialAlignment enum name is not changed.
            </description>
            <class package="org.netbeans.api.visual.layout" name="LayoutFactory" link="yes"/>
            <issue number="97562"/>
        </change>

        <change>
            <api name="general"/>
            <summary>Move deprecated classes out from the public API - ListWidget and ListItemWidget</summary>
            <version major="2" minor="0"/>
            <date day="9" month="3" year="2007"/>
            <author login="dkaspar"/>
            <compatibility addition="yes"/>
            <description>
		ListWidget and ListItemWidget are not in final shape and are deprecated. Therefore they have been moved out from the public-API packages.
                Now they are copied in the org.netbeans.modules.visual.experimental.widget.general package.
                The original classes are still deprecated and going to be removed for 6.0 Milestone 9.
                Note that if you want to use the experimental widgets (outside of the public-API packages), you have to set an implementation dependency
                on org.netbeans.api.visual module. Please, do not use implemementation dependency for anything except this.
            </description>
            <package name="org.netbeans.api.visual.widget.general" link="yes"/>
            <issue number="97564"/>
        </change>

        <change>
            <api name="general"/>
            <summary>Added ActionFactory.createActionMapAction methods</summary>
            <version major="2" minor="0"/>
            <date day="13" month="3" year="2007"/>
            <author login="dkaspar"/>
            <compatibility addition="yes"/>
            <description>
                Added an action whith is using ActionMap and InputMap for handling key-presses and a popup menu.
            </description>
            <class package="org.netbeans.api.visual.action" name="ActionFactory" link="yes"/>
            <issue number="97563"/>
        </change>

    </changes>

    <htmlcontents>
    <head>
      <title>Change History for the Visual Library API</title>
      <link rel="stylesheet" href="prose.css" type="text/css"/>
    </head>
    <body>

<p class="overviewlink"><a href="@TOP@/overview-summary.html">Overview</a></p>

<h1>Introduction</h1>

<p>This document lists changes made to the <a href="@TOP@/overview-summary.html">Visual Library API</a>.
Please, ask on the users@graph.netbeans.org mailing list if you have any question about the details of a change,
or are wondering how to convert existing code to be compatible.</p>

      <hr/>
      <standard-changelists module-code-name="org.netbeans.api.visual"/>

      <hr/><p>@FOOTER@</p>

    </body>
  </htmlcontents>

</apichanges>
