<?xml version="1.0" encoding="UTF-8"?>
<!--
    The contents of this file are subject to the terms of the Common Development
    and Distribution License (the License). You may not use this file except in
    compliance with the License.
    
    You can obtain a copy of the License at http://www.netbeans.org/cddl.html
    or http://www.netbeans.org/cddl.txt.
    
    When distributing Covered Code, include this CDDL Header Notice in each file
    and include the License file at http://www.netbeans.org/cddl.txt.
    If applicable, add the following below the CDDL Header, with the fields
    enclosed by brackets [] replaced by your own identifying information:
    "Portions Copyrighted [year] [name of copyright owner]"
    
    The Original Software is NetBeans. The Initial Developer of the Original
    Software is Sun Microsystems, Inc. Portions Copyright 1997-2006 Sun
    Microsystems, Inc. All Rights Reserved.
    -->
<project xmlns="http://www.netbeans.org/ns/project/1">
    <type>org.netbeans.modules.apisupport.project</type>
    <configuration>
        <data xmlns="http://www.netbeans.org/ns/nb-module-project/2">
            <code-name-base>org.netbeans.api.visual</code-name-base>
            <module-dependencies>
                <dependency>
                    <code-name-base>org.openide.util</code-name-base>
                    <build-prerequisite/>
                    <compile-dependency/>
                    <run-dependency>
                        <specification-version>6.8</specification-version>
                    </run-dependency>
                </dependency>
            </module-dependencies>
            <test-dependencies>
                <test-type>
                    <name>unit</name>
                </test-type>
            </test-dependencies>
            <public-packages>
                <package>org.netbeans.api.visual.action</package>
                <package>org.netbeans.api.visual.anchor</package>
                <package>org.netbeans.api.visual.animator</package>
                <package>org.netbeans.api.visual.border</package>
                <package>org.netbeans.api.visual.graph</package>
                <package>org.netbeans.api.visual.graph.layout</package>
                <package>org.netbeans.api.visual.laf</package>
                <package>org.netbeans.api.visual.layout</package>
                <package>org.netbeans.api.visual.model</package>
                <package>org.netbeans.api.visual.router</package>
                <package>org.netbeans.api.visual.uml</package>
                <package>org.netbeans.api.visual.util</package>
                <package>org.netbeans.api.visual.vmd</package>
                <package>org.netbeans.api.visual.widget</package>
                <package>org.netbeans.api.visual.widget.general</package>
            </public-packages>
        </data>
    </configuration>
</project>
